-- phpMyAdmin SQL Dump
-- version 4.9.2
-- https://www.phpmyadmin.net/
--
-- ホスト: 127.0.0.1
-- 生成日時: 
-- サーバのバージョン： 10.4.10-MariaDB
-- PHP のバージョン: 7.3.12

SET SQL_MODE = "NO_AUTO_VALUE_ON_ZERO";
SET AUTOCOMMIT = 0;
START TRANSACTION;
SET time_zone = "+00:00";


/*!40101 SET @OLD_CHARACTER_SET_CLIENT=@@CHARACTER_SET_CLIENT */;
/*!40101 SET @OLD_CHARACTER_SET_RESULTS=@@CHARACTER_SET_RESULTS */;
/*!40101 SET @OLD_COLLATION_CONNECTION=@@COLLATION_CONNECTION */;
/*!40101 SET NAMES utf8mb4 */;

--
-- データベース: `twitter`
--

-- --------------------------------------------------------

--
-- テーブルの構造 `blocks`
--

CREATE TABLE `blocks` (
  `u_id` varchar(32) NOT NULL,
  `block_id` varchar(32) NOT NULL
) ENGINE=InnoDB DEFAULT CHARSET=latin1;

-- --------------------------------------------------------

--
-- テーブルの構造 `entities`
--

CREATE TABLE `entities` (
  `ent_id` bigint(20) NOT NULL,
  `t_id` bigint(20) NOT NULL,
  `m_type` varchar(8) NOT NULL,
  `m_source` varchar(255) CHARACTER SET utf8mb4 DEFAULT NULL
) ENGINE=InnoDB DEFAULT CHARSET=latin1;

--
-- テーブルのデータのダンプ `entities`
--

INSERT INTO `entities` (`ent_id`, `t_id`, `m_type`, `m_source`) VALUES
(1, 23, 'img', '53afa535a1a0a792549edf284a11e7cf.jpg'),
(2, 22, 'img', '54bf115c08e961c158e4782b2feb7cae.jpg'),
(3, 12, 'img', 'c11e2a9bfff7a8d4d02b2fc88f191960.jpg'),
(4, 20, 'img', '60eed60430313b0d67f22b16b26b5e69.jpg'),
(5, 41, 'img', 'c11e2a9bfff7a8d4d02b2fc88f191960.jpg'),
(6, 74, 'img', '10b717435e93129e9a079293f5a380c7.jpg'),
(7, 76, 'img', '196334aebb8bf2571330c17613d2c6bc.jpg'),
(8, 77, 'img', '4981da5dee14b9feb192886f6efad343.jpg'),
(9, 78, 'img', '1d2931ec260823b09a1dadb66d6552bc.jpg'),
(10, 80, 'img', 'e6359235d35c32daa4a02032da379d8b.jpg'),
(11, 92, 'img', '6af4c1964e53d033d2a1d5262fa96e98.png'),
(12, 94, 'img', ''),
(13, 95, 'img', ''),
(14, 96, 'img', ''),
(15, 97, 'img', ''),
(16, 98, 'img', ''),
(17, 114, 'img', 'cfa5be3c70543bf8ed072469d976b362.jpg'),
(19, 116, 'img', '3269b0126ca3ccb00976d6943b1c8d51.jpg'),
(20, 137, 'img', 'bd1d40c4aab84f801a3f9635c5801abb.jpg'),
(21, 233, 'img', 'f942241915f53475f12ce089cd216993.jpg'),
(22, 234, 'img', '888d01b6203ee0ed814ed3770eefde4a.jpg'),
(23, 235, 'img', '12013190ef58892c1aebb802adba5d89.png'),
(24, 255, 'img', 'ae7784e4cba71fd65060c6e2e9023592.gif');

-- --------------------------------------------------------

--
-- テーブルの構造 `follows`
--

CREATE TABLE `follows` (
  `moto` varchar(20) CHARACTER SET utf8mb4 NOT NULL,
  `saki` varchar(20) CHARACTER SET utf8mb4 NOT NULL,
  `time` timestamp NOT NULL DEFAULT '0000-00-00 00:00:00' ON UPDATE current_timestamp()
) ENGINE=InnoDB DEFAULT CHARSET=latin1;

--
-- テーブルのデータのダンプ `follows`
--

INSERT INTO `follows` (`moto`, `saki`, `time`) VALUES
('aaa', 'bbb', '0000-00-00 00:00:00'),
('aaa', 'ddd', '0000-00-00 00:00:00'),
('aaa', 'eee', '0000-00-00 00:00:00'),
('aaa', 'fff', '0000-00-00 00:00:00'),
('aaa', 'ggg', '0000-00-00 00:00:00'),
('aaa', 'jjj', '0000-00-00 00:00:00'),
('aaa', 'nnn', '0000-00-00 00:00:00'),
('aaa', 'official', '0000-00-00 00:00:00'),
('aaa', 'ttt', '0000-00-00 00:00:00'),
('bbb', 'aaa', '0000-00-00 00:00:00'),
('bbb', 'ddd', '0000-00-00 00:00:00'),
('bbb', 'fff', '0000-00-00 00:00:00'),
('bbb', 'ggg', '0000-00-00 00:00:00'),
('bbb', 'rrr', '0000-00-00 00:00:00'),
('bbb', 'ttt', '0000-00-00 00:00:00'),
('bbb', 'yyy', '0000-00-00 00:00:00'),
('bbb', 'zzz', '0000-00-00 00:00:00'),
('ccc', 'aaa', '0000-00-00 00:00:00'),
('ccc', 'bbb', '0000-00-00 00:00:00'),
('ccc', 'ggg', '0000-00-00 00:00:00'),
('ccc', 'qqq', '0000-00-00 00:00:00'),
('ccc', 'yyy', '0000-00-00 00:00:00'),
('ddd', 'bbb', '0000-00-00 00:00:00'),
('ddd', 'fff', '0000-00-00 00:00:00'),
('ddd', 'hhh', '0000-00-00 00:00:00'),
('eee', 'aaa', '0000-00-00 00:00:00'),
('eee', 'bbb', '0000-00-00 00:00:00'),
('eee', 'ggg', '0000-00-00 00:00:00'),
('fff', 'aaa', '0000-00-00 00:00:00'),
('fff', 'bbb', '0000-00-00 00:00:00'),
('fff', 'ggg', '0000-00-00 00:00:00'),
('ggg', 'aaa', '0000-00-00 00:00:00'),
('ggg', 'ccc', '0000-00-00 00:00:00'),
('ggg', 'fff', '0000-00-00 00:00:00'),
('kkk', 'ccc', '0000-00-00 00:00:00'),
('kkk', 'fff', '0000-00-00 00:00:00'),
('kkk', 'gdfs', '0000-00-00 00:00:00'),
('kkk', 'ggg', '0000-00-00 00:00:00'),
('kkk', 'ktmt', '0000-00-00 00:00:00'),
('kkk', 'lll', '0000-00-00 00:00:00'),
('kkk', 'ttt', '0000-00-00 00:00:00'),
('rrr', 'aaa', '0000-00-00 00:00:00'),
('rrr', 'ccc', '0000-00-00 00:00:00'),
('rrr', 'ddd', '0000-00-00 00:00:00'),
('ttt', 'aaa', '0000-00-00 00:00:00'),
('ttt', 'bbb', '0000-00-00 00:00:00'),
('ttt', 'ddd', '0000-00-00 00:00:00'),
('ttt', 'hhh', '0000-00-00 00:00:00'),
('ttt', 'jjj', '0000-00-00 00:00:00'),
('ttt', 'mmm', '0000-00-00 00:00:00'),
('ttt', 'official', '0000-00-00 00:00:00'),
('www', 'aaa', '0000-00-00 00:00:00'),
('www', 'bbb', '0000-00-00 00:00:00'),
('xxx', 'bbb', '0000-00-00 00:00:00'),
('zzz', 'aaa', '0000-00-00 00:00:00');

-- --------------------------------------------------------

--
-- テーブルの構造 `likes`
--

CREATE TABLE `likes` (
  `t_id` int(11) NOT NULL,
  `u_id` varchar(32) CHARACTER SET utf32 NOT NULL
) ENGINE=InnoDB DEFAULT CHARSET=utf8mb4;

--
-- テーブルのデータのダンプ `likes`
--

INSERT INTO `likes` (`t_id`, `u_id`) VALUES
(1, 'ttt'),
(137, 'vvv'),
(198, 'ttt'),
(243, 'ttt'),
(245, 'ttt');

-- --------------------------------------------------------

--
-- テーブルの構造 `re_tweets`
--

CREATE TABLE `re_tweets` (
  `t_id` bigint(20) NOT NULL,
  `u_id` varchar(20) NOT NULL,
  `created` timestamp NOT NULL DEFAULT current_timestamp() ON UPDATE current_timestamp()
) ENGINE=InnoDB DEFAULT CHARSET=latin1;

--
-- テーブルのデータのダンプ `re_tweets`
--

INSERT INTO `re_tweets` (`t_id`, `u_id`, `created`) VALUES
(42, 'ccc', '2020-04-03 00:57:31'),
(107, 'jjj', '2020-03-22 14:13:26'),
(114, 'aaa', '2020-03-22 06:35:36'),
(132, 'aaa', '2020-03-22 06:26:48'),
(132, 'vvv', '2020-03-22 04:40:37'),
(133, 'ggg', '2020-03-28 03:36:10'),
(133, 'vvv', '2020-03-22 04:26:04'),
(134, 'vvv', '2020-03-22 04:25:17'),
(139, 'aaa', '2020-03-22 06:46:15'),
(148, 'qqq', '2020-03-22 14:02:06'),
(149, 'aaa', '2020-03-22 06:22:23'),
(149, 'ggg', '2020-03-28 03:30:32'),
(150, 'aaa', '2020-03-22 06:22:33'),
(153, 'jjj', '2020-03-23 00:45:56'),
(156, 'aaa', '2020-03-31 21:07:24'),
(193, 'ggg', '2020-03-28 04:57:20'),
(201, 'ggg', '2020-03-28 04:57:07'),
(222, 'ggg', '2020-03-28 04:04:54'),
(228, 'ggg', '2020-03-28 04:01:40'),
(229, 'eee', '2020-03-26 11:53:41'),
(229, 'ggg', '2020-03-28 03:54:20'),
(230, 'eee', '2020-03-26 11:52:45'),
(230, 'ggg', '2020-03-28 03:43:35'),
(231, 'ggg', '2020-03-28 03:37:57'),
(232, 'ggg', '2020-03-28 03:37:48'),
(233, 'fff', '2020-03-27 12:49:53'),
(233, 'ggg', '2020-03-28 03:36:29'),
(234, 'ggg', '2020-03-28 03:36:17'),
(235, 'aaa', '2020-03-28 13:14:08'),
(235, 'ggg', '2020-03-28 03:37:52'),
(242, 'aaa', '2020-03-29 23:13:00'),
(243, 'aaa', '2020-03-29 18:04:59'),
(243, 'ddd', '2020-03-29 17:42:29'),
(245, 'aaa', '2020-03-31 21:15:31'),
(246, 'aaa', '2020-03-31 18:16:19'),
(246, 'ttt', '2020-04-01 12:47:36'),
(250, 'aaa', '2020-04-03 01:34:42');

-- --------------------------------------------------------

--
-- テーブルの構造 `tweets`
--

CREATE TABLE `tweets` (
  `t_id` bigint(20) NOT NULL,
  `u_id` varchar(32) NOT NULL,
  `content` varchar(200) NOT NULL,
  `created` timestamp NOT NULL DEFAULT current_timestamp(),
  `replies` int(8) NOT NULL DEFAULT 0,
  `retweets` int(8) NOT NULL DEFAULT 0,
  `likes` int(8) NOT NULL DEFAULT 0,
  `reply_to` int(11) DEFAULT NULL,
  `canceled` tinyint(1) NOT NULL DEFAULT 0
) ENGINE=InnoDB DEFAULT CHARSET=utf8mb4;

--
-- テーブルのデータのダンプ `tweets`
--

INSERT INTO `tweets` (`t_id`, `u_id`, `content`, `created`, `replies`, `retweets`, `likes`, `reply_to`, `canceled`) VALUES
(1, 'official', 'ようこそ。「今」を見つけましょう', '2020-01-01 14:44:47', 0, 0, 1, NULL, 0),
(2, 'gdfs', 'レスポンシブ化する時に注意する点がわかりやすくまとめられています。\r\n水平スクロールは恥ずかしい！！\r\nPCサイトをレスポンシブ化する時の考え方と注意点 https://haniwaman.com/pc-to-responsive/\r\n\r\n#プログラミング初心者\r\n#駆け出しエン', '2020-02-17 05:21:15', 0, 0, 12, NULL, 0),
(3, 'ktmt', '「孤高のエンジニア」みたいな感じで自分をブランディングしてる人は基本的に全て怪しいと思った方が良くて、僕の経験上「レベルの高い人達の集うモダンな現場に参画し続けてそういう方達の技術から学んで自分をアップデートし続けている人」でないと、ほぼ必ずお山の大将になって腐っていきますね😅', '2020-02-17 03:15:46', 0, 0, 2, NULL, 0),
(4, 'gdfs', '100いいね！ | Flutterでの画面遷移まとめ by  @kwmt27', '2020-02-17 05:21:00', 0, 0, 1, NULL, 0),
(5, 'gdfs', 'スライダーのライブラリswiperマジ便利。  というかはにわまん( @haniwa008 )さんの記事が最強すぎる。  #プログラミング初心者  #駆け出しエンジニアと繋がりたい', '2020-02-17 02:10:38', 0, 0, 1, NULL, 0),
(7, 'ccc', '【必見】※サイト模写やってる人  Chrome の拡張機能の  ・PerfectPixel  おすすめです✨  見本のサイトと自身で作成しているサイトを重ね合わせることができるので、より正確な模写が可能になりますよ????  使い方は以下参考に✨  #30DAYSトライアル  #', '2020-02-17 05:21:20', 0, 0, 6, NULL, 0),
(8, 'bbb', '$sql=\"SELECT * FROM users WHERE u_id = :u_id\"; $stmt=$pdo->prepare($sql); $stmt->bindValue(\":u_id\",$_POST[\"u_id\"],PDO::PARAM_STR);//３引数 $stm', '2020-02-17 06:54:04', 0, 0, 6, NULL, 0),
(9, 'ccc', 'Chromeで閲覧サイトのCookie情報を確認する方法と、編集・削除・追加する方法も', '2020-03-07 16:51:49', 0, 0, 7, NULL, 0),
(10, 'aaa', 'どーもー、某IT企業に勤めるエンジニアです。', '2020-03-07 16:33:59', 1, 0, 0, NULL, 0),
(11, 'bbb', 'お久しぶり', '2020-03-07 16:51:29', 1, 0, 3, 10, 0),
(12, 'aaa', 'jyjyyuy', '2020-03-07 16:44:04', 0, 0, 5, NULL, 0),
(13, 'aaa', 'こんにちは～。', '2020-03-08 03:19:31', 0, 0, 0, 11, 0),
(20, 'ccc', 'あｓｄｆかｊｋｓｄｆｈさｈｆｄｈさｂｆじゃｓｄｆｈばｓｈｄじゃｓでゃｊｆｈ', '2020-03-08 03:26:11', 0, 0, 6, NULL, 0),
(21, 'bbb', 'あｓｄｆかｊｋｓｄｆｈさｈｆｄｈさｂｆじゃｓｄｆｈばｓｈｄじゃｓでゃｊｆｈ', '2020-03-08 03:35:11', 0, 0, 10, NULL, 0),
(22, 'bbb', 'あｓｄｆかｊｋｓｄｆｈさｈｆｄｈさｂｆじゃｓｄｆｈばｓｈｄじゃｓでゃｊｆｈ', '2020-03-08 04:03:37', 0, 0, 0, NULL, 0),
(23, 'bbb', 'asi\r\nmood\r\ngjdashd', '2020-03-08 04:11:19', 0, 0, 2, NULL, 0),
(24, 'aaa', 'dscds', '2020-03-08 15:09:43', 0, 0, 0, NULL, 0),
(25, 'ddd', '海外就職： シンガポールでデータサイエンティストとして働くまでの話\r\n\r\nhttps://note.com/minyus86/n/nb0003ae82400', '2020-03-08 15:25:45', 0, 0, 0, NULL, 1),
(26, 'fff', '福田君愉快匙加減', '2020-03-08 20:05:12', 0, 0, 0, NULL, 0),
(27, 'ggg', '青田くん空振り空元気', '2020-03-08 20:44:52', 0, 0, 0, NULL, 0),
(28, 'hhh', 'マンハッタンラブストーリーは名作', '2020-03-08 21:17:04', 0, 0, 0, NULL, 0),
(29, 'jjj', 'ユー、やっちゃいなよ。', '2020-03-08 22:46:34', 0, 0, 0, NULL, 0),
(30, 'lll', 'が・・・ま・・・', '2020-03-09 12:10:02', 0, 0, 0, NULL, 0),
(31, 'lll', '甘いものを食べても頭を使えば太らないんですけどね', '2020-03-09 12:38:45', 0, 0, 0, NULL, 0),
(32, 'lll', '真面目にやっていただかないと　蹴り入れますよ', '2020-03-09 13:06:31', 0, 0, 0, 10, 0),
(33, 'lll', '私はこの座り方でないと駄目なんです。\r\n一般的な座り方をすると　推理力は４０％減です', '2020-03-09 13:08:11', 0, 0, 0, NULL, 0),
(34, 'mmm', 'ポロン・・・', '2020-03-09 13:26:44', 0, 0, 0, NULL, 0),
(35, 'jjj', '関東出身なのになぜあんなになまっているのか', '2020-03-09 13:58:44', 0, 0, 0, NULL, 0),
(36, 'nnn', '炊き立てのごはんに牛の缶詰\r\nああおいしいなあ', '2020-03-10 12:14:30', 0, 0, 0, NULL, 0),
(37, 'nnn', 'うむ、腹いっぱいになったらにはかに眠くなつてきたぞ\r\n腹の皮が張ると目の皮がたるむ…', '2020-03-10 12:15:06', 1, 0, 0, NULL, 0),
(38, 'bbb', 'おやすみなさい\r\n', '2020-03-10 12:16:49', 0, 0, 0, 37, 0),
(39, 'bbb', 'XAMPPの時計がずれている場合の対応方法\r\nphp.iniの\r\n[Date]date.timezone = Asia/Tokyo', '2020-03-10 12:20:19', 0, 0, 0, NULL, 0),
(40, 'jjj', 'おやすみなさい\r\n', '2020-03-10 12:16:49', 0, 0, 0, 11, 0),
(41, 'mmm', 'hello!!!\r\n', '2020-03-10 12:16:49', 0, 0, 0, 11, 0),
(42, 'yyy', 'この歌をあなたに捧げます。聞いてください。「Lemon」。', '2020-03-19 13:32:40', 1, 1, 0, 10, 0),
(43, 'yyy', '♪夢ならばどれほどよかったでしょう\r\nいまだにあなたのことを夢に見る\r\n忘れたものを取りに帰るように\r\n古びた思い出のほこりを払う', '2020-03-18 19:19:42', 2, 0, 0, 42, 0),
(44, 'yyy', '戻らない幸せがあることを\r\n最後にあなたが教えてくれた\r\n言えずに隠してた昏い過去も\r\nあなたがいなきゃ永遠に昏いまま', '2020-03-18 19:21:16', 1, 0, 0, 43, 0),
(45, 'yyy', 'きっともうこれ以上\r\n傷つくことなどありはしないとわかっている', '2020-03-18 19:22:28', 1, 0, 0, 44, 0),
(46, 'yyy', 'あの日の悲しみさえ あの日の苦しみさえ\r\nそのすべてを愛してた あなたとともに\r\n胸に残り離れない 苦いレモンの匂い\r\n雨が降り止むまでは帰れない\r\n今でもあなたはわたしの光', '2020-03-18 19:23:26', 0, 0, 0, 45, 0),
(47, 'mmm', '浦島あああああああああ！！！', '2020-03-20 11:18:16', 0, 0, 0, NULL, 0),
(48, 'mmm', 'モーダルからの投稿テスト', '2020-03-20 12:19:33', 1, 0, 0, NULL, 0),
(49, 'mmm', '画像投稿（モーダルからは失敗）', '2020-03-20 12:22:04', 1, 0, 0, 48, 0),
(50, 'mmm', '画像が送られてないな', '2020-03-20 12:22:21', 4, 0, 0, 49, 0),
(51, 'mmm', '古い方でテスト', '2020-03-20 12:23:20', 0, 0, 0, 50, 0),
(52, 'mmm', '再テスト', '2020-03-20 12:41:06', 0, 0, 0, 50, 0),
(53, 'mmm', '再々テスト', '2020-03-20 12:43:37', 0, 0, 0, 50, 0),
(61, 'mmm', 'if(!empty($_FILES[\"img\"])){\r\nを\r\nif(!empty($_POST[\"img\"])){\r\nにしていた。POSTにFILEは含まれません。', '2020-03-20 13:15:29', 2, 0, 0, 50, 0),
(76, 'mmm', '最終', '2020-03-20 14:18:21', 0, 0, 0, 61, 0),
(77, 'mmm', '上げ放題', '2020-03-20 14:19:26', 0, 0, 0, 61, 0),
(79, 'mmm', '失敗していた点\r\n・画像ファイルは＄_FILESの中。＄_POSTではない\r\n・ハッシュした画像名を入れた変数と別の変数の取り違え\r\n・SQLで一見数字に見える文字を’’で括っていなくてqueryが通らない', '2020-03-20 14:31:51', 0, 0, 0, NULL, 0),
(80, 'mmm', 'モーダルからのテスト', '2020-03-20 14:34:23', 0, 0, 0, NULL, 0),
(81, 'mmm', '・contentのcssにwidth:100%がなく、本文が少ないと画像の横に分が落ち込んでしまう。', '2020-03-20 14:51:26', 0, 0, 0, NULL, 0),
(82, 'mmm', '戻ってこない異常発生、header(\"Location:../index.php\")のテスト', '2020-03-20 14:54:01', 2, 0, 0, NULL, 0),
(98, 'mmm', 'ｒｒｒ', '2020-03-20 15:16:00', 0, 0, 0, 82, 0),
(100, 'mmm', 'if(!empty($_FILES[\"img\"])){\r\n/*送られてきた画像の保存*/\r\n　if($_FILES[\"img\"][\"error\"]!=0){			　　※\r\n　　exit();\r\n　}\r\n※にheader(\"Location:../index.php\");がなかった', '2020-03-20 15:19:37', 1, 0, 0, 82, 0),
(101, 'mmm', 'そのため、文字だけ送った時、戻ってこなくなっていた（画像付きだと戻る）。\r\n文字だけだと$_FILES[\"img\"]は空だと思っていたが、一応送られているらしい。エラーにはなるのでそこで帰らせる。', '2020-03-20 15:21:56', 1, 0, 0, 100, 0),
(102, 'mmm', '}がずれていることを疑って、if($_FILES[\"img\"][\"error\"]!=0)外したら画像がなくてもmedia欄が表示されたから。文字だけでもifループの中に入っている（error->exitで終了）と気が付いた', '2020-03-20 15:25:54', 0, 0, 0, 101, 0),
(103, 'mmm', '左のツイートをクリックしたときにもモーダルウィンドウにリプライ用の領域が表示されるのを防ぐため、display:noneとblockの切り替えをしてみたが、display:flexが付いているせいでnoneが効かず', '2020-03-20 17:44:45', 1, 0, 0, NULL, 0),
(104, 'mmm', 'リプライ投稿のtest', '2020-03-20 17:57:09', 0, 0, 0, 103, 0),
(105, 'mmm', 'ちゃんとt_idが消えてるかチェック', '2020-03-20 17:57:52', 0, 0, 0, NULL, 0),
(106, 'mmm', 'リプライするとrepliesが増えるように', '2020-03-20 18:30:41', 1, 0, 0, NULL, 0),
(107, 'mmm', 'UPDATE tweets SET replies= (SELECT replies FROM (SELECT replies FROM tweets WHERE t_id =★) AS a)+1 WHERE t_id = ★\";', '2020-03-20 18:31:49', 2, 1, 0, 106, 0),
(108, 'mmm', '・副問い合わせでは同じテーブルをfromとupdateに使えない。＝＞間にFromを挟めばOK。バグ技っぽい。\r\n・副問い合わせには別名をつける。\r\n・加算は一番外でやったが内側だとASが邪魔で構文エラー', '2020-03-20 18:37:48', 1, 0, 0, 107, 0),
(109, 'mmm', 'テスト\r\n成功した＝PHPでif文の中で宣言した変数も外で使える', '2020-03-20 18:39:15', 0, 0, 0, 108, 0),
(110, 'mmm', 'これができるなら\r\n$sql2=\"SELECT t_id FROM tweets WHERE u_id =\'\".$_SESSION[\"u_id\"].\"\' ORDER BY t_id DESC LIMIT 1\";\r\nと', '2020-03-20 18:46:13', 1, 0, 0, 107, 0),
(111, 'mmm', '$sql3= \"INSERT INTO entities(t_id,m_type,m_source) VALUES($tid,\'img\',\'\";\r\n$sql3 .= $m_source.\"\')\";\r\nも一回のクエリにできそう', '2020-03-20 18:46:52', 1, 0, 0, 110, 0),
(112, 'mmm', '朝までに\r\n・user_detailsのツイート数もツイートごとに加算。\r\n・likeの加減算\r\n・ブロックの実装\r\nのうち２つ', '2020-03-20 18:50:25', 0, 0, 0, NULL, 0),
(113, 'mmm', 'ラーメン作ろう。インスタントでいいか。', '2020-03-20 18:56:08', 0, 0, 0, NULL, 0),
(114, 'hhh', 'テスト', '2020-03-20 19:39:14', 0, 1, 0, NULL, 0),
(115, 'hhh', 'INSERT INTO entities(t_id,m_type,m_source) VALUES((SELECT t_id FROM tweets WHERE u_id =\'hhh\' ORDER BY t_id DESC LIMIT 1),\'img\',\'～～～.jpg\')', '2020-03-20 19:44:01', 1, 0, 0, 111, 0),
(116, 'hhh', 'SQL合体テスト\r\n', '2020-03-20 19:52:32', 1, 0, 0, 115, 0),
(117, 'hhh', '上手くいったんで、あとはツイート数アップ', '2020-03-20 19:53:19', 0, 0, 0, 116, 0),
(118, 'hhh', '加算テスト', '2020-03-20 20:08:11', 0, 0, 0, NULL, 0),
(119, 'hhh', '再テスト。t_idと違ってu_idは文字なのでクォテーションがいる。', '2020-03-20 20:14:21', 0, 0, 0, NULL, 0),
(120, 'hhh', 'カウントアップ成功。割と簡単', '2020-03-20 20:14:46', 0, 0, 0, NULL, 0),
(121, 'hhh', '午前中に\r\n・likeの加減算(ajax)\r\n・ブロックの実装\r\n午後から\r\n・リツイート\r\n・フォローフォロワー\r\n・デベロッパー登録\r\n・スレッドページ\r\n・user_datailsのポップアップ\r\n・ログイン時にsessionにアイコンを詰め込む', '2020-03-20 20:20:43', 1, 0, 0, NULL, 0),
(122, 'hhh', 'ログイン回り整理するか', '2020-03-21 01:55:19', 1, 0, 0, 121, 0),
(123, 'hhh', '・モーダルのプレヴューで画像のはみだしが起きる＞本体のプレビューと同じくimgにmax-heightをつける\r\n・モーダルのプレビューと本体のプレビュー両方に画像が表示＞JSのセレクタをinput[type=file]から個別のIDに', '2020-03-21 04:55:39', 1, 0, 0, 122, 0),
(124, 'hhh', '・ログイン処理でnicknameをuserから切り離す準備\r\n・ログイン処理時に「退会済みでないか」をifで確認\r\n・ログイン処理の際にiconをsessionに\r\n・navとmodalにiconを表示。位置調整でプチ苦戦', '2020-03-21 04:55:51', 0, 0, 0, 123, 0),
(125, 'hhh', 'likeの加減算、\r\n・その人がlikeしているかでクラスの付け外し\r\n・最初にツイート表示を構築する時のSQLを作り直し\r\n・「値があればtrue」という項を作る必要', '2020-03-21 05:00:41', 0, 0, 0, NULL, 0),
(126, 'hhh', '・likeの加減算(ajax)\r\n・ブロックの実装\r\n・フォローフォロワー\r\n・デベロッパー登録\r\n・スレッドページ\r\n・user_datailsのポップアップ\r\n・モーダル内を改行適用、省略適用にする\r\n', '2020-03-21 05:28:02', 1, 0, 0, NULL, 0),
(127, 'hhh', 'リツイートは純粋RTと返信RTで大分処理が違いそう。\r\n・返信RTはモーダルの表示と同じような感じ\r\n・純粋RTはコメント空でツイートIDだけ発行', '2020-03-21 05:29:59', 0, 0, 0, NULL, 0),
(128, 'hhh', '夕方までに昨日調べた内容をまとめてメモっておこう。あとお風呂。\r\nどのみち今日中に半分もこなせないかな。', '2020-03-21 05:31:13', 0, 0, 0, NULL, 0),
(129, 'hhh', '・～日前の関数を修正\r\n・ユーザーページ\r\n・プロフィールページ修正\r\n…う～ん、23日には間に合わないか\r\n明日面接の願書出すとして。', '2020-03-21 05:33:07', 0, 0, 0, NULL, 0),
(130, 'hhh', '・モーダル内を改行適用、省略適用にする\r\nJSにはPHPのnl2brがない->拾い物コピペ\r\n\r\nfunction nl2br(str) {\r\n    str = str.replace(/\\r\\n/g, \"<br />\");\r\n    str = str.replace(/(', '2020-03-21 07:06:21', 1, 0, 0, 126, 0),
(131, 'hhh', 'あとtext()ではなくhtmlにしないとタグが文字列として表示されてしまう。\r\n\r\n$cnt=nl2br($(\"#t_\"+$tid+\" .content p\").text());\r\n$(\"#r_content\").html($cnt);', '2020-03-21 07:07:24', 0, 0, 0, 130, 0),
(132, 'hhh', 'モーダルのツイート表示欄を省略可能にしようとしたが\r\n#r_content{\r\n	max-height: 300px;\r\n	overflow:hidden;\r\n	text-overflow: ellipsis;\r\nが効いていない。後で調べる', '2020-03-21 08:10:30', 0, 3, 0, NULL, 0),
(133, 'nnn', '名前登録フォームのAJAXで詰まる。\r\n戻り値を使ったIF分岐がどうしてもうまくいかない\r\n結局textの比較はあきらめ、jsonでごまかした。', '2020-03-21 13:15:32', 1, 1, 0, NULL, 0),
(134, 'nnn', 'ミスリスト\r\necho \"true\";\r\n・if(strcmp(data,\"true\"))->strcmpはPHP!!AJAXはJS‼\r\n・if(data==\"true\")->全部elseに流れる\r\nいろいろやってみたがTEXTにしないのが一番っぽい。\r\n', '2020-03-21 13:18:54', 1, 0, 0, 133, 0),
(135, 'nnn', 'あと、チェック用のvar_dumpの出力もdataの中に入っていて異常が出ていた時も。\r\n\r\n何度やってもまたやるね、これ。', '2020-03-21 13:20:10', 0, 0, 0, 134, 0),
(136, 'aaa', '新規アカウントの登録がおかしくなった。\r\n原因はいじりすぎ＆windowsのつい消した警告（apacheに関する）の２通りあって時間かかりそう', '2020-03-21 16:49:12', 1, 1, 21, NULL, 0),
(137, 'aaa', 'リツイートテスト', '2020-03-21 16:50:33', 0, 1, 11, 136, 0),
(138, 'qqq', 'テスト', '2020-03-21 17:29:24', 0, 0, 0, NULL, 0),
(139, 'vvv', 'ログイン異常の原因（３時間詰まった）\r\nかなりの複合。\r\n・user_detailsテーブルの項目をいじった後、tcountとnickunameの「nullの許可」を忘れていた。このため新規登録画面においてnicknameを外した＝userdetailsへのu_id登録もできなく', '2020-03-21 17:46:24', 1, 1, 0, NULL, 0),
(140, 'vvv', 'なっていた。新規登録後u_detailsに同じu_idの項目がない=>テーブルの結合を前提にした処理が全部おかしく。\r\n\r\n・新規登録画面で、アイコンを＄_SESSIONに詰め込む処理を忘れる。このため、アイコンは登録済みなのにindexで表示されない不具合。\r\n\r\n・iconを', '2020-03-21 17:52:53', 1, 0, 0, 139, 0),
(141, 'vvv', '登録しない際にもiconのbindValueが有効になってしまっていた。これはIF条件で[\'error\']==0を=0としていたため。', '2020-03-21 17:54:16', 1, 0, 0, 140, 0),
(142, 'vvv', 'profileの修正終了。', '2020-03-21 18:11:38', 1, 0, 0, 141, 0),
(143, 'vvv', '・nicknameの必須化。文字数１以上でないと登録ボタンが有効化しない。\r\n・iconのパスをapiでセッション変数に記録', '2020-03-21 18:15:02', 0, 0, 0, 142, 0),
(144, 'vvv', 'しかしなんか全体的に重い。PCのせいか、処理の設計が下手なのか。', '2020-03-21 18:21:22', 0, 0, 0, NULL, 0),
(145, 'vvv', 'likeは\r\n・likesテーブルにinsert\r\n・tweetsテーブルUPDATE likes+1\r\n・SELECTで値取得の３段階になった。\r\nPostgreSQLだとRETURNINGでUPDATEした値を返せるらしいが', '2020-03-21 20:08:11', 0, 0, 0, NULL, 0),
(146, 'vvv', '今度はリプライがおかしいorz', '2020-03-21 20:11:34', 0, 0, 0, NULL, 0),
(147, 'vvv', '・自分のツイートを自分でいいねできない\r\n・同じツイートを２回いいねできない\r\n・自分がいいねしたツイートはいつ見てもハートが赤\r\nの３条件はクリアできそうだけど、', '2020-03-21 20:11:40', 0, 0, 0, NULL, 0),
(148, 'vvv', '早速「通信に失敗しました」。\r\n一応JQ自体は生きてるらしい', '2020-03-21 20:15:14', 0, 1, 0, NULL, 0),
(149, 'vvv', '疲れた。寝てないし。', '2020-03-22 04:30:04', 1, 2, 0, NULL, 0),
(150, 'vvv', '終わらないな。これ。', '2020-03-22 04:30:20', 0, 1, 0, 149, 0),
(151, 'aaa', 'とりあえずリツイートは妥協だけれどこれでいいことにする。リツイートの本命はユーザーページだからまずそれを。', '2020-03-22 06:48:46', 1, 0, 0, NULL, 0),
(152, 'aaa', 'その前にパーツ分けか', '2020-03-22 06:49:52', 1, 0, 0, 151, 0),
(153, 'aaa', '左右のバー、モーダル、ツイートライン、トップエリア、JSに分けて、各ページにはタイムラインのSQLだけ残す感じか', '2020-03-22 06:52:04', 1, 1, 0, 152, 0),
(154, 'aaa', '削除テスト', '2020-03-22 07:45:01', 0, 0, 0, NULL, 1),
(155, 'aaa', 'もいちど\r\n', '2020-03-22 08:16:44', 0, 0, 0, NULL, 1),
(156, 'jjj', 'rwxのうちexecuteがフォルダについているとindexofが表示、なければファイルがありません。\r\n本来実行権はファイルにあるべきだがフォルダについているのは「ホルダ構造を見る権利」のこと', '2020-03-23 01:03:33', 1, 1, 0, NULL, 0),
(157, 'xxx', '宣伝！！宣伝！！', '2020-03-23 01:14:49', 0, 0, 0, 153, 0),
(158, 'jjj', 'echo date(\"t\");//ｔは指定した月が何日存在しているか調べる記号', '2020-03-23 01:55:28', 1, 0, 0, 156, 0),
(159, 'jjj', 'https://www.php.net/manual/ja/function.date.php\r\nw 曜日。数値。	0 (日曜)から 6 (土曜)\r\ndate(w)=>今日だと１（月曜）', '2020-03-23 01:57:32', 0, 0, 0, NULL, 1),
(160, 'jjj', 'https://www.php.net/manual/ja/function.date.php\r\nw 曜日。数値。 0 (日曜)から 6 (土曜)\r\ndate(w)=>今日だと１（月曜）', '2020-03-23 01:57:52', 1, 0, 0, 158, 0),
(161, 'jjj', 'mktime：\r\ndate(\"t\",mktime(0,0,0,4,1,2000))日数調べる。mnyの並びに注意。000は不要なので', '2020-03-23 02:00:34', 1, 0, 0, 160, 0),
(162, 'jjj', '$f_w=date(\"w\",mktime(0,0,0,4,1,2000))\r\n4月の月初めの曜日を調べる＞3\r\nなので、２つ空白のdivを作る', '2020-03-23 02:07:19', 1, 0, 0, 161, 0),
(163, 'jjj', '$m = intval($_GET[\"m\"]);\r\n?m=12で送られてきあのは文字なので数値化する', '2020-03-23 02:30:27', 0, 0, 0, 162, 0),
(164, 'jjj', 'クラス内部の処理はかなりシンプル（変数を{}で入れられる）ので、$rowをクラスの引数に渡して回す、にすればかなりシンプルになりそう。', '2020-03-23 02:57:13', 0, 0, 0, NULL, 0),
(165, 'jjj', '	private $pdo;\r\n	//コンストラクタ宣言(自動的にPUBLICだが一応書く)\r\n	public function __construct($y,$m){\r\n\r\n		$this -> $pdo = new PDO($dsn,$dbuser,$dbpass);\r\n		', '2020-03-23 03:09:28', 1, 0, 0, NULL, 0),
(166, 'jjj', '$pdoはここ(コンストラクタ内)に置くとローカル変数になってしまうため\r\n$this(同一クラスの参照)で呼び出す。プロパティの中に変数を入れている\r\nJSでは「呼び出し元」という一般的でない使い方「も」できる', '2020-03-23 03:09:51', 1, 0, 0, 165, 0),
(167, 'jjj', '＄はthisについているためpdoにはつけない。\r\n＄は「以下は変数ですよ」の宣言なので。', '2020-03-23 03:11:03', 0, 0, 0, 166, 0),
(168, 'jjj', 'https://gray-code.com/php/getting-id-of-last-inserted-data-by-pdo/\r\n\r\nlastinsertid\r\n最後に入れた値の情報を取得する', '2020-03-23 05:38:12', 0, 0, 0, NULL, 0),
(169, 'mmm', 'PHP工房とは・・商用サイトに最適なPHPプログラムを配布、カスタマイズ、及び制作を行っています\r\nhttps://www.php-factory.net/', '2020-03-24 01:08:02', 0, 0, 0, NULL, 0),
(170, 'mmm', '<PRE>タグはPreformatted Text（整形済みテキスト） の略で、<PRE>～</PRE>で囲まれた範囲のソースに記述されたスペース・改行などを、そのまま等幅フォントで表示します。\r\n\r\nただし、Internet ExplorerやNetscapeなど多くのブラウザ', '2020-03-24 01:44:04', 0, 0, 0, NULL, 1),
(171, 'mmm', 'ただし、Internet ExplorerやNetscapeなど多くのブラウザでは、<PRE>～</PRE>の範囲内でも < と > は特殊文字として解釈されるので、&lt; と &gt; に置換する必要があります。', '2020-03-24 01:44:20', 0, 0, 0, NULL, 1),
(172, 'mmm', '<PRE>タグはPreformatted Text（整形済みテキスト） の略で、<PRE>～</PRE>で囲まれた範囲のソースに記述されたスペース・改行などを、そのまま等幅フォントで表示します。', '2020-03-24 01:44:45', 1, 0, 0, NULL, 0),
(173, 'mmm', 'ただし、Internet ExplorerやNetscapeなど多くのブラウザでは、<PRE>～</PRE>の範囲内でも < と > は特殊文字として解釈されるので、&lt; と &gt; に置換する必要があります。', '2020-03-24 01:45:00', 0, 0, 0, 172, 0),
(174, 'mmm', 'word pressの完成とメモづくり。現時点で\r\n・ナビゲーションの異常\r\n・手順そのものを忘れている\r\n', '2020-03-24 01:52:57', 0, 0, 0, NULL, 0),
(175, 'mmm', 'http://sakura-white.com/\r\n桜ほわいとのHP。気力が沸いたらコピーする', '2020-03-24 01:54:08', 0, 0, 0, NULL, 0),
(176, 'mmm', 'リンクの抽出、リンク張り関数だけ作るか。\r\n部品だから使いまわせるし。', '2020-03-24 01:55:17', 0, 0, 0, NULL, 0),
(177, 'mmm', 'jsとPHPではPHPの読み込みの方が先。\r\nechoでスクリプトタグを読み込めば切り替えができる。', '2020-03-24 02:08:14', 0, 0, 0, NULL, 0),
(178, 'mmm', 'if($diff->y != 0){\r\n  $past = date(\'Y年n月j日\',strtotime($from));\r\n}elseif($diff->d != 0 && $diff->d > 1){\r\n  $past = date(\'n月j日\',strtotime($fr', '2020-03-24 02:30:52', 0, 0, 0, NULL, 0),
(179, 'mmm', '　よく考えたら空白が消えるけど全角ならありか？\r\n\r\nタグ効くようにしたいなあ', '2020-03-24 02:31:47', 0, 0, 0, NULL, 0),
(180, 'mmm', '・リンクを有効にする\r\n・タグを有効にする\r\nコメント表示欄をhtml化する必要が。', '2020-03-24 02:33:14', 0, 0, 0, NULL, 0),
(181, 'mmm', '#タグtest .\r\n', '2020-03-24 03:03:25', 0, 0, 0, NULL, 0),
(182, 'mmm', '#tagtest', '2020-03-24 03:04:38', 0, 0, 0, NULL, 1),
(183, 'mmm', '#タグ', '2020-03-24 03:06:56', 0, 0, 0, NULL, 1),
(184, 'mmm', '#タグ', '2020-03-24 03:07:11', 0, 0, 0, NULL, 1),
(185, 'mmm', '＃タグ', '2020-03-24 03:09:27', 0, 0, 0, NULL, 1),
(186, 'mmm', '＃タグ ふぁｄｓｆｄさ', '2020-03-24 03:10:08', 0, 0, 0, NULL, 1),
(187, 'mmm', 'function make_link($str){\r\n　$escapePattern = preg_quote(\'-._~%:/?#[]@!$&\\\'()*+,;=\', \'/\'); \r\n　$pattern = \'/((http|https):\\/\\/[0-9a-z\'. $escap', '2020-03-24 03:11:53', 1, 0, 0, NULL, 0),
(188, 'mmm', 'ePattern. \']+)/i\';\r\n　$replaceStr = \'<a href=\"$1\">$1</a>\';\r\n　$viewLink = preg_replace($pattern, $replaceStr, $str);\r\n　return $viewLink;', '2020-03-24 03:12:54', 1, 0, 0, 187, 0),
(189, 'mmm', 'これコピペして本文出力の際にechoの前でテキストを包むだけ。\r\n\r\n＃テストしてみるhttp://link.ne.jp#https://link.com', '2020-03-24 03:15:00', 1, 0, 0, 188, 0),
(190, 'mmm', 'https://link.com.http://link.ne.jp#https://link.com\r\n↑\r\nh t t p s : / / l i n k . c o m . h t t p : / / l i n k . n e . j p # h t t p s : / ', '2020-03-24 03:16:58', 0, 0, 0, 189, 0),
(191, 'mmm', '.が含まれてしまうせいで、一種の割り込みが起きていた。\r\n＃の正規表現から.を切ってみた。\r\n＃とhttpの二重の包みが発生するせいかもしれない', '2020-03-24 03:19:03', 1, 0, 0, NULL, 0),
(192, 'mmm', '切ってもおかしくなるな。# と http の包み順をひっくり返そう。h t t p # ってurlはないだろうし', '2020-03-24 03:22:29', 2, 0, 0, 191, 0),
(193, 'mmm', 'お昼なんでおしまい', '2020-03-24 03:27:32', 0, 1, 0, 192, 0),
(194, 'mmm', 'タグを英数＋日本語に限定した。これで解決はした。', '2020-03-24 03:30:10', 0, 0, 0, 192, 0),
(195, 'mmm', '半角の#はコメント文字らしい。それ以降の値が消える。\r\n全角ならいけるんだけど。', '2020-03-24 04:38:14', 1, 0, 0, NULL, 0),
(196, 'mmm', '全角でも消えたわ…', '2020-03-24 04:40:57', 0, 0, 0, 195, 0),
(197, 'mmm', '＃以降はページ内リンクと認識されるらしい。\r\n\r\nハッシュ以外を使うしかないな。面倒だけど[!]にするか。', '2020-03-24 04:46:07', 0, 0, 0, NULL, 0),
(198, 'mmm', '[!]新しいタグ記号', '2020-03-24 04:46:51', 0, 0, 1, NULL, 0),
(199, 'mmm', '肯定的なものは→否定的なボタンは←に置くとUI的にわかりやすい', '2020-03-24 05:41:47', 0, 0, 0, NULL, 0),
(200, 'mmm', '[!]新しいタグ記号 ！！', '2020-03-24 06:56:41', 0, 0, 0, NULL, 0),
(201, 'mmm', 'どこに遷移するのか', '2020-03-24 07:24:17', 0, 1, 0, NULL, 0),
(202, 'ppp', 'https://wp.yat-net.com/?p=5970\r\nYATさんのブログ\r\n', '2020-03-25 02:13:57', 0, 0, 0, NULL, 0),
(203, 'ppp', 'パンくずナビを設置できない件\r\n・<?php \r\n　　if(!is_front_page() &&　\r\n　　　function_exists(\'bresd_crumb\')):\r\n　　　bread_crumb(\'navi_element=nav&elem_id=bread-crum', '2020-03-25 02:17:00', 0, 0, 0, NULL, 1),
(204, 'ppp', '一一文章切れるのがあれだし、カラムの設定を300文字に拡大しよう', '2020-03-25 02:19:15', 0, 0, 0, NULL, 0),
(205, 'ppp', '<?php \r\n	if(!is_front_page() && function_exists(\'bresd_crumb\')):\r\n		bread_crumb(\'navi_element=nav&elem_id=bread-crumb\');\r\n	endif;\r\n?>', '2020-03-25 02:19:23', 0, 0, 0, NULL, 1),
(206, 'ppp', 'パンくずナビを設置できない件\r\n<?php \r\n 	if(!is_front_page() && function_exists(\'bresd_crumb\')):\r\n		 \r\n  bread_crumb(\'navi_element=nav&elem_id=bread-crumb\');\r\n 	endif;\r\n?>', '2020-03-25 02:20:15', 0, 0, 0, NULL, 0),
(207, 'ppp', 'プラグインの使い方をしらべる。\r\n >prime strategy bread crumb\r\nそもそもaboutやblogが見えないのはなぜ？\r\n >「見つからない」ではなく「見えない」\r\n >page_idがDBのどこにあるのか\r\n', '2020-03-25 02:31:12', 0, 0, 0, NULL, 0),
(208, 'ppp', 'ravenplan.sakura.ne.jp/raven_wp/\r\n自作テーマのページ。', '2020-03-25 03:54:37', 0, 0, 0, NULL, 1),
(209, 'ppp', 'https://ravenplan.sakura.ne.jp/raven_wp/\r\n自作テーマのページ', '2020-03-25 03:55:06', 0, 0, 0, NULL, 0),
(210, 'ppp', '今回はphpのconfig.iniはいじってない。\r\nhttps://secure.sakura.ad.jp/rscontrol/rs/fileman2/\r\n↑ここから「フォルダ作る→中のファイルアップロード」の繰り返しでテーマをアップロードした。', '2020-03-25 03:57:11', 0, 0, 0, NULL, 0),
(211, 'ppp', 'WP設置とテーマのアップロードがあんまりあっさり成功したので拍子抜け。パンくずができてないが自作はいったん完成として、「WPの教科書」見ながら、オンラインで開発する練習をしてみよう。\r\n\r\n', '2020-03-25 04:00:08', 0, 0, 0, NULL, 0),
(212, 'ppp', 'laravel+comporserは後回すか？\r\nhttps://www.sejuku.net/blog/82454', '2020-03-25 04:03:46', 0, 0, 0, NULL, 0),
(213, 'ooo', 'twitterのoath認証の処理がうまくクリアできず。時間がもったいないので知ってる人に聞けるまであきらめる方向で。', '2020-03-25 06:48:04', 0, 0, 0, NULL, 0),
(214, 'ooo', 'todo\r\n・twitter oath 調べる\r\n・サーバーの使い方\r\n・履歴書、経歴書、ジョブカード探す\r\n・染髪予約\r\n・Jobカフェ予約\r\n・出席票を用意し、ハロワ検索の印鑑確認\r\n・クラス式に変更テスト', '2020-03-26 00:24:11', 0, 0, 0, NULL, 0),
(215, 'ooo', 'Qiitaの炎上・大会祭り\r\n必要になりそうな記事を全部ENに移す。', '2020-03-26 00:43:37', 0, 0, 0, NULL, 0),
(216, 'ooo', 'composerはインストールした。\r\nどうやって使うかしらべる。', '2020-03-26 00:44:22', 1, 0, 0, NULL, 0),
(217, 'ooo', '区役所へ給付金について聞きに行く：即帰ってギリギリ\r\nさらに雨が降る前に家賃の払い込み', '2020-03-26 03:16:24', 0, 0, 0, NULL, 0),
(218, 'ooo', 'ITパスポートのテキスト「新出項目～2章」までマーキング。\r\n今後３回の午前中で読破して、午後は自習。', '2020-03-26 04:10:06', 0, 0, 0, NULL, 0),
(219, 'ooo', 'composerはコマンドプロンプトから捜査したが、UIは用意されていないのか？\r\n\r\ncomposerでのミス\r\n一度composer.jsonだけを削除し書き換えようとしたら、composer.lockと矛盾が起きてエラー。＞一度プロジェクト内を全削除してやり直し。', '2020-03-26 04:14:12', 1, 0, 0, 216, 0),
(220, 'ooo', 'abraham/twitteroauthをコンポーザーに入れたがこの後どうするか。明日の牧野先生を待つか。', '2020-03-26 04:17:08', 0, 0, 0, NULL, 0),
(221, 'ooo', '・composer.json インストールするパッケージ一覧\r\n・composer.lock インストールしたいパッケージに必要な関連パッケージを含めた一覧（composer.jsonと同じ記述形式）\r\n・vendor インストールしたパッケージのソース本体', '2020-03-26 04:19:45', 1, 0, 0, 219, 0),
(222, 'ooo', '・パッケージを追加の場合はcomposer.jsonに追加したいパッケージを追記して下記コマンドを実行。\r\n・パッケージを削除の場合はcomposer.jsonに削除したいパッケージを消して下記コマンドを実行。\r\n・単純にインストール済みのパッケージのアップデートの場合は下記コマンド実行のみ。\r\ncomposer update', '2020-03-26 04:20:29', 1, 1, 0, 221, 0),
(223, 'ooo', 'https://qiita.com/suke/items/770bccf8a43f9247daf5\r\ncomposer.json ファイルの解説\r\n\"require\": { 導入したいパッケージの設定、JSON }\r\n\"require-dev\": {開発環境のみで使われる導入したいパッケージの設定、JSON } composer installやcomposer updateのときに --node', '2020-03-26 04:21:35', 1, 0, 0, 222, 0),
(224, 'ooo', ' --nodev オプションを付けるとインストールされない\r\n{パッケージの設定、JSON} {\"(開発者名)/(パッケージ名)\": \"(バージョン指定)\"}', '2020-03-26 04:22:15', 1, 0, 0, 223, 0),
(226, 'ooo', 'Warning: require_once(C:\\xampp\\htdocs\\gettweets/vendor/autoload.php): failed to open stream: No such file or directory in C:\\xampp\\htdocs\\gettweets\\setttry01.php on line 2', '2020-03-26 04:37:04', 1, 0, 0, 224, 0),
(227, 'ooo', 'うまくいかないから、念のためスキップした処理をやってみた\r\nC:\\Users\\web.DESKTOP-V8HMFJG\\composer_project>php composer.phar self-update\r\nCould not open input file: composer.phar', '2020-03-26 04:37:54', 0, 0, 0, NULL, 1),
(228, 'ooo', 'C:\\Users\\web.DESKTOP-V8HMFJG\\composer_project>php composer.phar self-update\r\nCould not open input file: composer.phar', '2020-03-26 04:38:04', 1, 1, 0, 226, 0),
(229, 'ooo', 'Warning: require_once(C:\\Users\\web.DESKTOP-V8HMFJG\\composer_projectendor\\autoload.php): failed to open stream: No such file or directory in C:\\xampp\\htdocs\\gettweets\\setttry01.php on line 2', '2020-03-26 04:52:09', 1, 1, 0, 228, 0),
(230, 'ooo', '￥vが文字化けするなあ', '2020-03-26 04:52:24', 1, 2, 0, 229, 0),
(231, 'eee', 'eee', '2020-03-26 11:51:50', 0, 1, 0, NULL, 0),
(232, 'eee', 'eee', '2020-03-26 11:52:39', 2, 1, 0, 230, 0),
(233, 'nnn', '2001/03/14 - SELECT文の統合「UNION」. 今回は、問い合わせの統合（UNION）と、NULLに関連するトピックを解説し、SELECT文の最後の回とします。 UNION句を使用すると、これまでに使用してきたSQL文の結果を統合して、1つの結果とすることが ...\r\n20/03/21 にこのページにアクセスしました。', '2020-03-26 14:35:38', 0, 2, 0, 232, 0),
(234, 'fff', 'テスト', '2020-03-27 08:53:39', 0, 1, 0, NULL, 0),
(235, 'fff', 'fff', '2020-03-27 12:41:20', 0, 2, 0, 232, 0),
(236, 'aaa', '・index含めユーザーページほかにtimeloneへのLocationを\r\n　未ログイン状態は関数の各種エラーの原因\r\n・画像をクリックするとモーダルウィンドウ\r\n・timelineはページングに変更', '2020-03-28 13:08:40', 1, 0, 0, NULL, 0),
(237, 'aaa', '・退会処理の作りこみ', '2020-03-28 13:09:33', 0, 0, 0, NULL, 1),
(238, 'aaa', '・退会処理の作りこみ（withdrawn,canceled,フォロー、フォロワー、返信リツイートいいねの処理）\r\n・フォロー・被フォロー・ソーシャルグラフ', '2020-03-28 13:12:47', 0, 0, 0, NULL, 0),
(239, 'aaa', '・いいねの完成\r\n・CSS\r\n以下は可能なら\r\n・画像の複数化', '2020-03-28 13:13:56', 0, 0, 0, NULL, 0),
(240, 'bbb', '土曜日\r\n問題発生点を書類にまとめる。\r\n企画書・仕様書の作成\r\nフォロー実験。関数を仕上げる\r\n\r\n日曜日\r\n写真館で就活用証明写真\r\n病院', '2020-03-28 13:22:04', 1, 0, 0, 236, 0),
(241, 'bbb', '画像のモーダル表示が先だな', '2020-03-28 14:01:51', 1, 0, 0, 240, 0),
(242, 'bbb', 'userページから投稿したらindexに飛ばされた。\r\n←のページバック込みで要実装', '2020-03-28 14:03:26', 1, 1, 0, 241, 0),
(243, 'bbb', '・indexをマイページ、timelineを全ツイートにする\r\n・ログインしていないと、全頁からtimelineに飛ばされる\r\n・本人に限り、userページー＞index', '2020-03-28 14:06:34', 0, 2, 1, 242, 0),
(244, 'ddd', 'フォローの表示はできたが…\r\nこっからしんどい。', '2020-03-29 13:49:49', 0, 0, 0, NULL, 0),
(245, 'ddd', 'https://www.ksakae1216.com/entry/2017/02/17/063000\r\ncountとGroup byを使うとゼロ件の時nullが戻ってしまうため、一度条件に合う行を抽出してからcount', '2020-03-29 15:33:25', 1, 1, 1, NULL, 0),
(246, 'ddd', 'SELECT count(*) follow FROM(SELECT moto FROM `follows` WHERE moto=\'\".$_GET[\'u_id\'].\"\') a', '2020-03-29 15:33:54', 0, 2, 0, 245, 0),
(247, 'ttt', 'wordpressのWP_OPTIONSを見る\\r\\n＞２ページ目のreright_rules(id 29)のルールの中身\\r\\n＞ものすごい量のコードがオブジェクトになっている\\r\\n（自分のにはないぞ？？）\\r\\nこういうのは「シリアルデータ」という', '2020-04-01 12:26:30', 1, 0, 0, NULL, 0),
(248, 'ttt', '配列をシリアライズにかけるとこうなる。\\r\\n連想配列\\r\\n<?php\\r\\n	$arr=[\\\"hoge\\\"=>3,\\\"foo\\\"=>\\\"bar\\\",\\\"piyo\\\"=>\\\"bird\\\"];\\r\\n	$obj = serialize($arr);\\r\\n	echo $obj;\\r\\n	//配列を文字列にできる＞a:3:{s:4:\\\"hoge\\\";i:3;s:3:\\\"foo\\\";s:3:\\\"bar', '2020-04-01 12:27:09', 2, 0, 0, 247, 0),
(249, 'ttt', '戻すときにはunserialize\\r\\n	print_r(unserialize($obj));\\r\\n	//Array ( [hoge] => 3 [foo] => bar [piyo] => bird )', '2020-04-01 12:27:43', 1, 0, 0, 248, 0),
(250, 'ttt', 'これ使うと、複数画像を配列で持てるのでは？', '2020-04-01 12:28:03', 0, 2, 0, 249, 0),
(251, 'ttt', '× $val !=null\\r\\n○ !empty($val)', '2020-04-01 12:28:27', 0, 1, 0, NULL, 0),
(252, 'uuu', '削除テスト', '2020-04-01 16:06:19', 0, 0, 0, NULL, 1),
(254, 'uuu', 'sfdasfd', '2020-04-01 17:23:53', 0, 0, 0, NULL, 1),
(255, 'aaa', '最終テスト１\r\n複数の返信が正常に表示されるか', '2020-04-03 01:31:17', 1, 0, 0, 248, 0),
(256, 'aaa', '成功。', '2020-04-03 01:31:40', 0, 0, 0, 255, 0),
(257, 'zzz', 'テスト', '2020-04-03 01:38:46', 1, 0, 0, 256, 1),
(258, 'rrr', '返信元取り消しテスト（取り消されましたと表示されるか）', '2020-04-03 01:39:39', 1, 0, 0, 257, 0),
(259, 'xxx', 'されてないね。\r\n時間切れ。', '2020-04-03 02:59:18', 0, 0, 0, 258, 0);

-- --------------------------------------------------------

--
-- テーブルの構造 `users`
--

CREATE TABLE `users` (
  `u_id` varchar(32) NOT NULL,
  `pass` varchar(255) NOT NULL,
  `nickname` varchar(32) NOT NULL,
  `withdrawn` tinyint(1) NOT NULL DEFAULT 0
) ENGINE=InnoDB DEFAULT CHARSET=utf8mb4;

--
-- テーブルのデータのダンプ `users`
--

INSERT INTO `users` (`u_id`, `pass`, `nickname`, `withdrawn`) VALUES
('aaa', '$2y$10$/8J.jfrt8m3.5briIllaE.eUuHhcovaYh1Dd9Gl.95D0F.vWbyCfS', '赤坂', 0),
('bbb', '$2y$10$eo2DRRkzXy7z2HwqP1GHzulG1AaSOI6NuGCuERT6LWQu/HZxXMz8i', '恵比寿', 0),
('ccc', '$2y$10$tbyxgvuoN5a1V/f5DaY5oOvUs/NWOumEGX92/iCcDbMPv2B0QosIG', '鶯谷', 0),
('ddd', '$2y$10$QXaxm9NE/EnQbdHnG.ghu.6V9LKkCenJS1bDGuHdnQVUj5V.iOVnG', '', 0),
('eee', '$2y$10$HoB5xRxhCr9ZjNZb8ZdXRu2QLZxnvI2E2PHC6NH4tw6meH7/j9RCW', '遠藤', 0),
('fff', '$2y$10$kh4QV6RJhzl7DyQ9qvZOmOC8iuXtqxoenVDSRjaz3xm8KvHoHNEGS', '船越英一郎', 0),
('gdfs', '$2y$10$NbteibyhBeanK05FfIMlmu8lb8.oAjHeNNZsOYDWFqsNrplgMRNES', '村上', 0),
('ggg', '$2y$10$09Kju/KicpMhT64Iuyd.W.EnDP20fbyreQaJoeFdtrxSV8OVcXAXa', '青田', 0),
('hhh', '$2y$10$CAxK9/EVIN2Za2/6PERCYO1UeYbd2LuOfCA4AMZbYjLlvsIfv.cP.', '八反万次郎', 0),
('hjfds', '$2y$10$/uK.L/ozy2fWwi/FOtMO6Oqi0BExn2r79f/S68HvQKzHI/zL0ZIW2', '山田', 1),
('jjj', '$2y$10$fjKlJuV9UYYsJMNEYKZ.2e5WoOyLQSIXbpu5HPWnIW0mEH6pQbwcO', 'あまちゃん', 0),
('kkk', '$2y$10$7sS5LhPuylNruvgV6NLYNuOhsoqsQ7PQxJsGAtiMeZc.gx5V4gvcS', '', 0),
('ktmt', '$2y$10$/8J.jfrt8m3.5briIllaE.eUuHhcovaYh1Dd9Gl.95D0F.vWbyCfS', '勝又', 0),
('lll', '$2y$10$h8d6PYopCrmCGcbixyAvY.NOFy4KuXId7KdNZQh2.H0VgTqen52Vm', 'ローライト', 0),
('mmm', '$2y$10$NbteibyhBeanK05FfIMlmu8lb8.oAjHeNNZsOYDWFqsNrplgMRNES', '竪琴を手に、精霊を鎮める水島上等兵', 0),
('nnn', '$2y$10$yUw8RhhU9al7D7DF5Xa60.gz09AObFM1suD8l4ZPN5/4KhX0VpYRq', '', 0),
('official', '$2y$10$aHaHXOY44JgaSA91zsadmulE3XlRE6hViLmcpWIZINnmrwNNzAvpG', '', 0),
('ooo', '$2y$10$85B9WYzMMytcL3by1WheFuxFDGZXepX/T.ziA2cvra5rlY11zq8tG', '', 0),
('ppp', '$2y$10$YnJfe3OZeBMMeoJEKcsBbuWG0G8PFkX4q3IIFnDGbgMbSXQGkmLGW', '', 0),
('qqq', '$2y$10$KFN0RcMgSRD/.AEsL.uZs.XTC4mQT/S9OvYWxe4MULbgoJCnE7SLO', '', 0),
('rrr', '$2y$10$SQOlQplrhSrp442I2hQ5/uc6/zFg4w0AtSlBCnYAHmJ.WQ3w.NrFK', '', 0),
('ttt', '$2y$10$tug0GNtlD3AjoWRZLRGBsecd4ecs2snPToVdbUtZ9xA/xwoPEach2', '', 0),
('uuu', '$2y$10$gK2U1WUIQZSgatwQhPByKehikrB8JRVHcW2G8rmNlYeU9Ve6PZ9PC', '', 0),
('vvv', '$2y$10$FvkNeopappYf0SWoWTYIzuAwXrmrcXs2Tu4onKLM8BzNruIvUtJDq', '', 0),
('www', '$2y$10$kTdjcsuzPoUGmUfg7cng0OfJLZAYqFqY.A7667tzrwA.d5EHst7Wa', '', 0),
('xxx', '$2y$10$0B3vSMfWNXsSeGBk6ft3z.62/bK1P3ZsZVIlDeihFigj.QuLhowoS', '', 0),
('yyy', '$2y$10$/uK.L/ozy2fWwi/FOtMO6Oqi0BExn2r79f/S68HvQKzHI/zL0ZIW2', '', 0),
('zzz', '$2y$10$tsz4B5q3DyaWkRUcW0k7VuOAL/b6/EEk5zq6UkSMNgpiPhd2fa1dC', '', 1);

-- --------------------------------------------------------

--
-- テーブルの構造 `user_details`
--

CREATE TABLE `user_details` (
  `u_id` varchar(32) CHARACTER SET utf8mb4 NOT NULL,
  `nickname` varchar(23) CHARACTER SET utf8mb4 DEFAULT NULL,
  `since` timestamp NOT NULL DEFAULT current_timestamp(),
  `description` text CHARACTER SET utf8mb4 DEFAULT NULL,
  `location` varchar(24) CHARACTER SET utf8mb4 DEFAULT NULL,
  `tcount` int(12) NOT NULL DEFAULT 0,
  `followers` int(11) NOT NULL DEFAULT 0,
  `frends` int(11) NOT NULL DEFAULT 0,
  `public` tinyint(1) NOT NULL DEFAULT 1,
  `icon` varchar(35) DEFAULT 'default.jpg',
  `site_link` varchar(32) DEFAULT NULL
) ENGINE=InnoDB DEFAULT CHARSET=latin1;

--
-- テーブルのデータのダンプ `user_details`
--

INSERT INTO `user_details` (`u_id`, `nickname`, `since`, `description`, `location`, `tcount`, `followers`, `frends`, `public`, `icon`, `site_link`) VALUES
('aaa', '赤坂', '2020-03-08 22:35:32', '赤！\r\n真っ赤な太陽に\r\n白！\r\nぽっかり白い雲', '迎賓館', 22, 0, 0, 1, 'aaa.png', NULL),
('bbb', '恵比寿', '2020-03-08 22:35:54', 'ちょっと贅沢なビールです', 'ビール工場', 11, 0, 0, 1, 'bbb.jpg', NULL),
('ccc', '視力検査株式会社', '2020-03-08 22:36:09', '視力検査のリーディングカンパニーです', 'ランゲルハンス島', 3, 0, 0, 1, 'ccc.png', NULL),
('ddd', 'ドン・ジョヴァンニ', '2020-03-29 13:41:54', 'Va là, che sei il grand\'uom!\r\nSappi chi\'io sono innamorato d\'una\r\nbella dama, e son certo che m\'ama.\r\nLa vidi, le parlai; meco al casino\r\nquesta notte verrà…\r\nZitto, mi pare\r\nsentire odor di femmina…', 'スペイン', 3, 0, 0, 1, 'ddd.jpg', NULL),
('eee', '遠藤', '2020-03-08 15:56:52', 'test\r\n\r\ntest', '静岡', 4, 0, 0, 1, 'default.jpg', NULL),
('fff', '船越英一郎', '2020-03-08 20:04:53', 'いつも崖っぷち', '福井', 3, 0, 0, 1, 'fff.jpg', NULL),
('gdfs', '村上', '2020-03-08 22:36:44', '海賊の娘', '瀬戸内', 3, 0, 0, 1, 'gdfs.png', NULL),
('ggg', '青田', '2020-03-08 20:44:34', '青田くん空振り空元気', '文京区', 1, 0, 0, 1, 'ggg.jpg', NULL),
('hhh', '八反万次郎', '2020-03-08 21:16:42', '純喫茶マンハッタンマスター。名物はナポリタン。', '東京', 20, 0, 0, 1, 'hhh.jpg', NULL),
('hifds', '山田', '2020-03-08 22:37:11', NULL, NULL, 0, 0, 0, 1, 'hifds.png', NULL),
('jjj', 'あまちゃん', '2020-03-08 22:46:10', 'みちのくもりあげ隊', '岩手', 17, 0, 0, 1, 'jjj.jpg', NULL),
('kkk', '勝手に観光協会', '2020-03-31 17:43:49', '勝手に観光協会（かってにかんこうきょうかい）はみうらじゅんと安齋肇により結成された、日本各地を盛り上げるべく運動を続ける自称「大きなお世話」ユニット。', '空の下', 0, 0, 0, 1, 'kkk.jpg', NULL),
('ktmt', '勝又', '2020-03-08 22:37:38', NULL, NULL, 1, 0, 0, 1, 'ktmt.png', NULL),
('lll', 'ローライト', '2020-03-09 12:08:58', '砂糖は脳の栄養', 'ニューヨーク', 4, 0, 0, 1, 'lll.jpg', NULL),
('mmm', '桃太郎', '2020-03-09 13:26:29', '空港はさすがに', '岡山', 64, 0, 0, 1, 'mmm.jpg', NULL),
('nnn', 'のらくろ', '2020-03-10 12:10:41', '今は喫茶店のマスターです。', 'どこか', 6, 0, 0, 1, 'nnn.jpg', NULL),
('official', 'サービスオフィシャル', '2020-04-01 14:45:57', 'サービスの公式アカウントです。', '', 0, 0, 0, 1, 'official.jpg', NULL),
('ooo', 'タコヤキ', '2020-03-18 19:00:42', 'つま楊枝をつけたい', '大阪', 17, 0, 0, 1, 'ooo.jpg', NULL),
('ppp', 'word press', '2020-03-25 02:11:40', 'word pressの勉強\r\nメモ用アカウント', '', 11, 0, 0, 1, 'ppp.png', NULL),
('qqq', NULL, '2020-03-21 17:28:46', NULL, NULL, 3, 0, 0, 1, 'default.jpg', NULL),
('rrr', 'rrr', '2020-04-03 01:07:53', '', 'どこか', 1, 0, 0, 1, 'default.jpg', NULL),
('ttt', 'タンクタンクロー', '2020-04-01 12:24:44', '消えていたので再登録', '鉄球の中', 5, 0, 0, 1, 'ttt.jpg', NULL),
('uuu', 'uuu', '2020-04-01 15:34:43', '', '', 2, 0, 0, 1, 'default.jpg', NULL),
('vvv', 'ジュリアス・シーザー', '2020-03-21 17:32:02', 'ブルータス、お前もか ', 'ローマ', 15, 0, 0, 1, 'vvv.png', NULL),
('www', 'www', '2020-04-03 01:05:40', '', '', 0, 0, 0, 1, 'default.jpg', NULL),
('xxx', '業者', '2020-03-23 01:13:19', 'うざい宣伝！しつこい宣伝！！', 'ダークウェブ', 2, 0, 0, 1, 'default.jpg', NULL),
('yyy', '8', '2020-03-18 19:18:17', NULL, NULL, 5, 0, 0, 1, 'default.jpg', NULL),
('zzz', 'zzz', '2020-03-23 07:39:47', '', '', 2, 0, 0, 1, 'default.jpg', NULL);

--
-- ダンプしたテーブルのインデックス
--

--
-- テーブルのインデックス `blocks`
--
ALTER TABLE `blocks`
  ADD PRIMARY KEY (`u_id`,`block_id`);

--
-- テーブルのインデックス `entities`
--
ALTER TABLE `entities`
  ADD PRIMARY KEY (`ent_id`);

--
-- テーブルのインデックス `follows`
--
ALTER TABLE `follows`
  ADD PRIMARY KEY (`moto`,`saki`);

--
-- テーブルのインデックス `likes`
--
ALTER TABLE `likes`
  ADD PRIMARY KEY (`t_id`,`u_id`);

--
-- テーブルのインデックス `re_tweets`
--
ALTER TABLE `re_tweets`
  ADD PRIMARY KEY (`t_id`,`u_id`);

--
-- テーブルのインデックス `tweets`
--
ALTER TABLE `tweets`
  ADD PRIMARY KEY (`t_id`);

--
-- テーブルのインデックス `users`
--
ALTER TABLE `users`
  ADD PRIMARY KEY (`u_id`);

--
-- テーブルのインデックス `user_details`
--
ALTER TABLE `user_details`
  ADD PRIMARY KEY (`u_id`);

--
-- ダンプしたテーブルのAUTO_INCREMENT
--

--
-- テーブルのAUTO_INCREMENT `entities`
--
ALTER TABLE `entities`
  MODIFY `ent_id` bigint(20) NOT NULL AUTO_INCREMENT, AUTO_INCREMENT=25;

--
-- テーブルのAUTO_INCREMENT `tweets`
--
ALTER TABLE `tweets`
  MODIFY `t_id` bigint(20) NOT NULL AUTO_INCREMENT, AUTO_INCREMENT=260;
COMMIT;

/*!40101 SET CHARACTER_SET_CLIENT=@OLD_CHARACTER_SET_CLIENT */;
/*!40101 SET CHARACTER_SET_RESULTS=@OLD_CHARACTER_SET_RESULTS */;
/*!40101 SET COLLATION_CONNECTION=@OLD_COLLATION_CONNECTION */;
